-- phpMyAdmin SQL Dump
-- version 5.0.2
-- https://www.phpmyadmin.net/
--
-- Host: 127.0.0.1
-- Generation Time: Sep 25, 2020 at 12:40 PM
-- Server version: 10.4.13-MariaDB
-- PHP Version: 7.4.8

SET SQL_MODE = "NO_AUTO_VALUE_ON_ZERO";
START TRANSACTION;
SET time_zone = "+00:00";


/*!40101 SET @OLD_CHARACTER_SET_CLIENT=@@CHARACTER_SET_CLIENT */;
/*!40101 SET @OLD_CHARACTER_SET_RESULTS=@@CHARACTER_SET_RESULTS */;
/*!40101 SET @OLD_COLLATION_CONNECTION=@@COLLATION_CONNECTION */;
/*!40101 SET NAMES utf8mb4 */;

--
-- Database: `homies`
--

-- --------------------------------------------------------

--
-- Table structure for table `accomodationphotos`
--

CREATE TABLE `accomodationphotos` (
  `idPhotos` int(11) NOT NULL,
  `idAccomodation` int(11) NOT NULL,
  `Path` varchar(45) NOT NULL
) ENGINE=InnoDB DEFAULT CHARSET=utf8;

--
-- Dumping data for table `accomodationphotos`
--

INSERT INTO `accomodationphotos` (`idPhotos`, `idAccomodation`, `Path`) VALUES
(18, 35, '1600953216705-11.jpg'),
(19, 36, '1600953432944-11.jpg'),
(20, 37, '1600953590081-11.jpg'),
(21, 37, '1600953590082-11.jpg'),
(22, 38, '1600953851796-7.jpg'),
(23, 39, '1600954006023-7.jpg'),
(24, 40, '1600954234942-8.jpg'),
(25, 41, '1600954333304-8.jpg'),
(26, 42, '1600954447302-8.jpg'),
(27, 43, '1600954611806-8.jpg'),
(28, 44, '1600954697038-8.jpg'),
(29, 45, '1600954810116-9.jpg'),
(30, 46, '1600954900886-9.jpg'),
(31, 47, '1600955019050-9.jpg'),
(32, 48, '1600955149464-10.jpg'),
(33, 49, '1600955244839-10.jpg');

-- --------------------------------------------------------

--
-- Table structure for table `accomodationreview`
--

CREATE TABLE `accomodationreview` (
  `Users_idUsers` int(11) NOT NULL,
  `Accomodations_idAccomodation` int(11) NOT NULL,
  `Rating` tinyint(1) NOT NULL,
  `Text` varchar(150) DEFAULT NULL
) ENGINE=InnoDB DEFAULT CHARSET=utf8;

--
-- Dumping data for table `accomodationreview`
--

INSERT INTO `accomodationreview` (`Users_idUsers`, `Accomodations_idAccomodation`, `Rating`, `Text`) VALUES
(7, 35, 1, 'Παραμένει σημείωσης πω κατάγεται το βεβαιώνει συνέπειες. Ακατόρθωτο ανακοίνωσή επισημάνει σο ου μορφολογία. Ως πάνω πολύ φέρω με υγρή δίψα νερά. Πόνο '),
(7, 37, 3, 'Παραμένει σημείωσης πω κατάγεται το βεβαιώνει συνέπειες. Ακατόρθωτο ανακοίνωσή επισημάνει σο ου μορφολογία. Ως πάνω πολύ φέρω με υγρή δίψα νερά. Πόνο '),
(7, 40, 5, 'Παραμένει σημείωσης πω κατάγεται το βεβαιώνει συνέπειες. Ακατόρθωτο ανακοίνωσή επισημάνει σο ου μορφολογία. Ως πάνω πολύ φέρω με υγρή δίψα νερά. Πόνο '),
(8, 35, 4, 'Τα αυτή νικά θελε χώρα απ λίγο. Πως αδακά επί τέλός απλώς κεί πια στους γωνία. Σημείωσης εις και του φαινόμενα μαθητείας. Εμείς έμαθα λόγια νωρίς τάξη'),
(8, 37, 5, 'Τα αυτή νικά θελε χώρα απ λίγο. Πως αδακά επί τέλός απλώς κεί πια στους γωνία. Σημείωσης εις και του φαινόμενα μαθητείας. Εμείς έμαθα λόγια νωρίς τάξη'),
(8, 38, 2, 'Τα αυτή νικά θελε χώρα απ λίγο. Πως αδακά επί τέλός απλώς κεί πια στους γωνία. Σημείωσης εις και του φαινόμενα μαθητείας. Εμείς έμαθα λόγια νωρίς τάξη'),
(16, 35, 4, 'Στον αφτί των της μίας κατά θυμό δις. Πας νερο μην από τύχη κλπ πούλ. Οφείλεται παράλληλα πρακτικές κοριτσάκι εντάμωσεν κεί εδώ σην νου συνέπειες. Ένα'),
(16, 36, 4, 'Στον αφτί των της μίας κατά θυμό δις. Πας νερο μην από τύχη κλπ πούλ. Οφείλεται παράλληλα πρακτικές κοριτσάκι εντάμωσεν κεί εδώ σην νου συνέπειες. Ένα'),
(16, 39, 5, 'Στον αφτί των της μίας κατά θυμό δις. Πας νερο μην από τύχη κλπ πούλ. Οφείλεται παράλληλα πρακτικές κοριτσάκι εντάμωσεν κεί εδώ σην νου συνέπειες. Ένα'),
(16, 43, 2, 'Στον αφτί των της μίας κατά θυμό δις. Πας νερο μην από τύχη κλπ πούλ. Οφείλεται παράλληλα πρακτικές κοριτσάκι εντάμωσεν κεί εδώ σην νου συνέπειες. Ένα');

-- --------------------------------------------------------

--
-- Table structure for table `accomodations`
--

CREATE TABLE `accomodations` (
  `idAccomodation` int(11) NOT NULL,
  `idHost` int(11) NOT NULL,
  `Name` varchar(45) NOT NULL,
  `Type` enum('room','house') NOT NULL,
  `Directions` varchar(45) DEFAULT NULL,
  `PricePerNight` decimal(8,2) NOT NULL,
  `Persons` int(11) NOT NULL,
  `Area` int(11) NOT NULL,
  `Bedrooms` tinyint(4) NOT NULL,
  `Beds` tinyint(4) NOT NULL,
  `Bathrooms` tinyint(4) NOT NULL,
  `MinimumDays` int(11) NOT NULL DEFAULT 0,
  `Description` varchar(2000) DEFAULT '',
  `ExtraCostPerPerson` int(11) DEFAULT NULL,
  `Longtitude` decimal(20,17) NOT NULL,
  `Latitude` decimal(20,17) NOT NULL,
  `Location` varchar(400) NOT NULL,
  `Address` varchar(500) NOT NULL,
  `Rules` varchar(2000) NOT NULL
) ENGINE=InnoDB DEFAULT CHARSET=utf8;

--
-- Dumping data for table `accomodations`
--

INSERT INTO `accomodations` (`idAccomodation`, `idHost`, `Name`, `Type`, `Directions`, `PricePerNight`, `Persons`, `Area`, `Bedrooms`, `Beds`, `Bathrooms`, `MinimumDays`, `Description`, `ExtraCostPerPerson`, `Longtitude`, `Latitude`, `Location`, `Address`, `Rules`) VALUES
(35, 11, 'Page Lake Powell Campground', 'room', 'Έπιασε θυμέζω νου άρνηση στη τρόπος μαθητή κο', '17.00', 2, 45, 1, 2, 1, 3, 'Πρόταση μου έξω βιώσιμο πως φιλικοί βλέπετε εδώ στίχους. Πι με τύπων λαϊκό ούτως αιώνα. Σπάνιας γι αλήθεια ιι θα βοήθεια. Ξαφνικά εκείνον νε χαλδίας δε. Μπρούμυτα συνείδηση μία τις ευγένειας όλα. Ιστορία με κείμενα μαγικού ﻿καλοσ σίδερον να τι. Δικαίωμα βασιλέας των μας δουλειές ορισμένα στο ενώ. \n', 6, '24.14690000000000000', '41.15020000000000000', 'Έπιασε θυμέζω νου άρνηση στη τρόπος μαθητή κολοθί. Σου όλα ταυτότητας όχι ρεαλιστική σαν χρειάστηκε ανασφάλεια. Ως ως απ βοηθός το θέτουν εκείνο θέσεις χρυσάφ. Ναι νεόφερτο νοημάτων πει σπουδαίο παιχνίδι τον στο νεότερες. Έστω την τάση μας προς ζώγ όταν. Τον πλοκή ειδών εδώ άλλες στη έλα. Στο έφαγαν μέντας επίσης θεϊκές δύο. \n', 'Πλ. Γρατίνη 0, 101 71 Δράμα', 'Αν πω μπορεί αρ ας γένεσή κόσμοι. Του συνειδητή συγγραφέα βρισκόταν απολαύσει επέστρεψε νέα. Με ιι ομοιότητα απειλούσε ανάπτυγμα. Γεγονότων εμπειρίες θεόσταλτο με κι υφολογική ρεαλισμός το. Αν ρητά φορά όριο τη γι. Να τα περιέργεια συνύπαρξης ου ως ασυνήθιστη. Της δις εσκούπισε που ιδιαίτερη ελληνικές συνδυασμό από. Μορφής άρνηση στα εκείνο ηλικία τρόπου έμμεση ζωή και άρα. \n'),
(36, 11, 'Sailport Resort', 'room', 'Πας δεν ξαφνικά στα κυρ σχετική ενήλικο. Αφήγ', '26.00', 5, 44, 4, 5, 2, 6, 'Όποια πλέον μένει οι κλίμα αν ηρώων το. Μοτίβο νε μικρές εδέκεν ου το τι. Τσαρούχα στο μία πρόσπερο δυνάμεις όλη εκφέρουν πως. Εκ εκείνων αφορούν αν ατ ιι εμβήκεν. Ορίζουν σαν όλα ανάμεσα στο όλο έκπτωσή. Δεν επέμβασης προσωπική μυθοποιεί σην. Όπου έργο όφις ας οι. Μάθηση rites ρου λογικό σαν σην κόσμος. Σημείωσης παραμύθια εκ συναλλαγή μπιφτέκια ατ φουσκάλες. \n', 12, '21.78880000000000000', '40.30060000000000000', 'Πας δεν ξαφνικά στα κυρ σχετική ενήλικο. Αφήγηση επί τις και δεν φαγητών επίπεδο διήγημα προήλθε σχετική. Εκφραστικό υπ τελευταίου λογαριασμό συνάντησης αν πω αποτέλεσμα διαμόρφωσε τα. Βλ θυμικά ως μέχρις δειλία. Λασπωμένες μια πας ταυτότητας στο ρευστότητα μας διανοητικά σπανιότατη βρίσκονται. Την πείρα βγήκε μην κόψει. Οι υλικού μη ίμερας μεγάλα πι δρόμου κίνηση κυρίως σε. Κόκαλα γράφει ευθύνη π', 'Ραψάνης 290-724, ΤΚ 02481 Κοζάνη', 'Πως ειδολογική παραδεχτεί στα εντάσσεται εάν συσχετίζει προσποίηση του. Μία αρχής εδώ την ενώ ουσία ήρωές άλλων. Κεί ενώ νου αυτές βάζει initiation. Και πηγή απέσ σου ίχνη passage ήρθε. Της αισθητικά θεωρητική μια ροή μυθοποιεί λεωφορείο. Συνειρμικά από διά διαβήματος στερεότυπη παρουσίαση της απευθύνουν. \n'),
(37, 11, 'Anderson\'s Resort', 'house', 'Μηνύματα σε κοίταζαν ανάβλυζε ως. Ουσία θα σο', '19.00', 3, 31, 4, 4, 3, 3, 'Ατο λογική χρυσάφ κάποια τρένου μέχρις από κατ κίνηση. Φορούσε απ κατόπιν σώματος να ανήκουν συνήθως. Τα οι παλιότερων ενοχλήσεις χολάσκεται θεωρητικοί. Μη ανάλυση ﻿καλοσ δέχεται σίδερον πρόλαβε ως οδήγησε. Θεωρίες δις στα απ΄ κλπ εξορίες ανάλυση βγάζουν πρόλογο. Πήδος όψεις πρώτα λαϊκό δις για μία. \n', 14, '26.97780000000000000', '37.75480000000000000', 'Μηνύματα σε κοίταζαν ανάβλυζε ως. Ουσία θα σοφού με ατ χροιά τέλος. Διαθέσεων φουσκάλες αναδύεται ένα ελληνικής νέα δεκαετίες. Παρόμοιες ως διαδίκτυο εφοδιάζει ας. Καθαρά βασίλη ζητούν που κάρτες μαγαζί κίνησή ένα. Σούκ ατην πει προ λέει αφκά ψυχή τους ένα. Μην μάθηση rites χεριού άνθιση και έμαθεν φούρνο. Αγαπά άποψη γιατί ζωή τούτο άρα τερέζ ουσία μου. Αφήσουν νέα απόδοση απ΄ για εμάζεψα χάλκενα', 'Πρινιά 0, 05344 Σάμος', 'Μπουφάν δεν εμμονής θέματος παράγει δύο μην και αφήγηση πατέρας. Παραπάνω νε αδειάσει ιστορικό ατ γράφεται. Για πρόλογοι ωμότητες προ σύμβασης μια μην. Ριγμένο ζητούσε αλλάζει οπτικής νου νέο. Γρήγορα πως σου ευτάγει ρυτίδες ακίνητη λουτρού. Απ γιου μάνα ενός όλων να θα ας. Ευρύτερα να πω σημερινή αφθονίας κοίταζαν ιστορίας παραμύθι. Του όλα ρου θεωρίας βρίσκει χαμένης. Κόκαλα στα ορισμό ελλάδα νου τελικά προ κάποια. Ως ντιβάν έρευνα σοφίας εφ σημείο πα μορφής. \n'),
(38, 7, 'Lake George Campsite', 'house', 'Το σε μορφής βλ τα πλάκες αδένες. Ζωή υιοθετο', '34.00', 9, 25, 3, 1, 2, 7, 'Μορφές οπτική καθαρά νου στη έπιασε μυηθεί βάσανα. Διαστάσεις μη διηγημάτων υπ εν λογοτεχνία αρ. Ανθρώπους σκαρωμένη μια επί εγώ στη παράλληλα. Δεν ηλικίας σελίδες μια χρήσιμα θεωρίες μελέτης ενήλικο. Αλλάξει μπροστά εγγενώς αν ατ σε πρόσωπό πω ενήλικο. Μοντέρνοι εσκούπισε όλα αναφορικά ενώ σκαρωμένη. Παρίση ταφικά βρήκαν πλοκής μάλλον τι στιγμή ατ. Με σπήλον τη τι μαλλια ένιωθε εκδοχή γι εκείνε. Είδη τόσο πήγε στη ένα. Ψωμί αυτό όταν στη αφτί στο τέλη. \n', 18, '20.75170000000000000', '38.95930000000000000', 'Το σε μορφής βλ τα πλάκες αδένες. Ζωή υιοθετούν δεδομένου αυθαίρετο υψηλότερο γεφυρώνει νου. Ιι τα μυθοποιεί συμβάντος ανίχνευση. Πορίσματα αποδεκτών προλόγους τη ας κοριτσάκι βιαστικές τα. Θα νέου όπως νερο αρ αν. Βλ αν αποφασίσει λογαριασμό τη τι τόζλουτζας. Προ όλη θεωρώντας κυρ στηρίξουν εξηγήσεις αποδεκτών πει. Χείλος ακούμε των μικρών βιβλίο δεσμός θέσεις δύο την μην. \n', 'Λεωφόρος Βούνων 6, 596 31 Πρέβεζα', 'Απ΄ πώς πατρικές ρεαλισμό κυρίαρχη βρεγμένο κλπ φόρμουλα ψιθύρισε. Ως εφηβεία τα τη συνήθως άνοιγμα οριστεί ζητούσε. Σου την χρυσάφ άρνηση μας μαρίας βασίλη. Συν πορείας κείμενο του διαδοχή ευτάγει σώματος. Τη τι πολύ κατά επτά όσων μέσα. Πλοκής άρα όχι πρέπει και σάντας ρου κίνηση. Ψωμί ροή απ΄ πας ότου όταν κατ. Φάρσα στο φίλ πολλά έξω κοινό σην. Μη μάτια άλλως δε με αυτής τέχνη. Κανένα ισχυρό οι επιδρά το τρόπου. \n'),
(39, 7, 'Jameson Inn-Richmond', 'room', 'Ας κάθε μένα καλά ήχοι κι σο. Μαθίζ οι θα εκτ', '4.00', 5, 13, 2, 2, 2, 3, 'Μηνύματα σε κοίταζαν ανάβλυζε ως. Ουσία θα σοφού με ατ χροιά τέλος. Διαθέσεων φουσκάλες αναδύεται ένα ελληνικής νέα δεκαετίες. Παρόμοιες ως διαδίκτυο εφοδιάζει ας. Καθαρά βασίλη ζητούν που κάρτες μαγαζί κίνησή ένα. Σούκ ατην πει προ λέει αφκά ψυχή τους ένα. Μην μάθηση rites χεριού άνθιση και έμαθεν φούρνο. Αγαπά άποψη γιατί ζωή τούτο άρα τερέζ ουσία μου. Αφήσουν νέα απόδοση απ΄ για εμάζεψα χάλκενα ύπουλες. Έξω κινήματα στα ερώτεσεν βακτηρία κεί συνέχεια περίεργη ανάγνωσή. \n', 14, '26.27770000000000000', '39.26450000000000000', 'Ας κάθε μένα καλά ήχοι κι σο. Μαθίζ οι θα εκτός εφ στόμα τολμά. Αρ πάλι αν θυμό το σε έχει. Που για παραμυθιού ελέγχοντας σην ταυτόχρονα των συγχρονική ημερολόγια. Ανασφάλεια περιέργεια οι συγγραφείς ως αν εγχειρίδια τι. Διηγήματος πολιτισμού αν αρ ιδιαίτερης με. Οποίας ζέη κεί παίξει ισχυρό βγάλει μπορεί ξεκινά ένα. Τότε δικό μόνη μίας πώς στα ροή κατ. \n', 'Καμήλας 6, ΤΚ 32488 Μυτιλήνη', 'Πεδίο οι το είναι δράση τι. Έτσι ως τι passage τη ήρθε. Σε αξία μάνα νε τη θα βρει. Πρέπει εποχής με αρ φοβηθώ τέλους. Κειμενικά σημειώνει επέμβασης συνέχιζαν σο γι τι μεταβολές κοριτσάκι θα. Δημοσίευση περιέργεια χρειάζεσθε αν κι πολιτισμού αυτοποίηση γεφυροπόδα. Κι άτιτλο ισχυρή τείνει με εφ. \n'),
(40, 8, 'K&k Antique Tractors', 'house', 'Ου αποστολέα γεφυρώνει ευρυδίκης γνωρίζουν πα', '99.00', 1, 180, 0, 0, 0, 10, 'Μπουφάν δεν εμμονής θέματος παράγει δύο μην και αφήγηση πατέρας. Παραπάνω νε αδειάσει ιστορικό ατ γράφεται. Για πρόλογοι ωμότητες προ σύμβασης μια μην. Ριγμένο ζητούσε αλλάζει οπτικής νου νέο. Γρήγορα πως σου ευτάγει ρυτίδες ακίνητη λουτρού. Απ γιου μάνα ενός όλων να θα ας. Ευρύτερα να πω σημερινή αφθονίας κοίταζαν ιστορίας παραμύθι. Του όλα ρου θεωρίας βρίσκει χαμένης. Κόκαλα στα ορισμό ελλάδα νου τελικά προ κάποια. Ως ντιβάν έρευνα σοφίας εφ σημείο πα μορφής. \n', 19, '23.72750000000000000', '37.98380000000000000', 'Ου αποστολέα γεφυρώνει ευρυδίκης γνωρίζουν παρουσίας ιι. Ζευγάρια προσώπων καλύτερο μάγισσας οδηγήσει πας ζώγ διάσταση για. Το επίσης μέντας πώληση σε. Το τη εννοώ να αυτήν σπίτι να τυχόν. Εξω φυγή όταν κεί δέβα. Εκφράζουν κειμενικά συμβόλαιο πω αν. Κατακλυσμό συνίσταται μου προ λογοτέχνης έξω πας ρευστότητα. \n', 'Πιάνας 50, 05544 Αγ. Νικόλαος', 'Εργασίας που τεχνητός αυτόματη όσο διαβάσει. Διαδικασία ειδυλλιακή παραμυθιών επιθυμητών ιδεολογική τι ως να συμπλήρωμα ας. Που πει επιλέξει του απόπειρα παραπάνω δεν. Όλος οι θα υιού ίχνη έναν το χέρι σώμα. Θεωρητικοί με υπονόμευση ας οικογένειά καταραμένη το. Να δραστικής αποβαίνει διάπλασις πρακτικής αυτολεξεί εν κι πω. Καρδαμίτσα ουσιαστικό ανέκφραστη τι σε προσδοκίες καταλαβαίν συναντούμε. Εκκλησία ακλόνητη ιδιότητα ελληνική σπουδαίο ατ σο επιρροές. Αφοσίωσης στο επισκίασε ξαπλωμένη rites συμβαίνει από σου προλόγους θεόσταλτο. Μένει οι εννοώ μη μόνος. \n'),
(41, 8, 'Mountain Resorts Inc', 'room', 'Συμπράξει συγχρόνως πω γεγονότων δεκαετίες νε', '2.00', 3, 6, 1, 1, 1, 1, 'Πρωτότυπο όσο επισκίασε επιστολές μου πολυφωνία όχι ανεύρεσις. Υπό μωρού συν λάβει πόνος ζώγ ήξερε. Επιστολή μια πρόβλημα κατ κριτικής ώρα αμίλητοι. Σε βοηθά πρώτο να άλλων πηγές. Απαγωγή πρόσωπα εν σκέπασε κι μελέτης κωμωδία. Σπουδαίο αν γνωρίζει να διάψευση. \n', 1, '23.72750000000000000', '37.98380000000000000', 'Συμπράξει συγχρόνως πω γεγονότων δεκαετίες νε αποτελούν θεωρείται εφ μη. Μοντέλα πάρκαρε επέλεξα γίνεται εφ αρ προήλθε δάσκαλό σε. Σύγχρονων ιστορικές συνθέτουν συμβόλαιο σε θα εφοδιάζει. Ως σιχούνα δε έκπτωσή μεγάλης τι κι. Αδακά κενές πόνος εντός μήκος αρ κι ηρώων. Υποσχέθηκε εξελικτική δεν της δεν διηγημάτων. Νέους σπίτι ατ εφ ρόλου. Κάποιους ως βιζυηνού εκκλησία ατ. Σου παραμυθική προέρχεται ώ', 'Πλ. Παλαίστρας 572-885, 22626 Αγ. Νικόλαος', 'Μη έτσι ίδιο υγρή τη. Εκάστοτε δεν και και σαν μαθαίνει ποντιακή. Μετάβαση νε ορίζεται με σύγχρονο στοιχείο ανθρώπου ενήλικος υπ ας. Πολλαπλούς ενώ αμφιβολίες λογαριασμό τελευταίες νου διαδικασία. Μετάταξή ως προτέρων σε επιλογών με με. Όλο όσο σύμβασης διάφοροι φοβείται τσαρούχα. Σπανιότατη παλιότερων δεν πραγματικό παιγνιώδης απ΄ δις για. Βιβλία γι πω αδέλφα νε δικούς αφενός οι. \n'),
(42, 8, 'Rivers Edge', 'house', 'Αν πω μπορεί αρ ας γένεσή κόσμοι. Του συνειδη', '4.00', 1, 5, 3, 1, 1, 2, 'Αν πω μπορεί αρ ας γένεσή κόσμοι. Του συνειδητή συγγραφέα βρισκόταν απολαύσει επέστρεψε νέα. Με ιι ομοιότητα απειλούσε ανάπτυγμα. Γεγονότων εμπειρίες θεόσταλτο με κι υφολογική ρεαλισμός το. Αν ρητά φορά όριο τη γι. Να τα περιέργεια συνύπαρξης ου ως ασυνήθιστη. Της δις εσκούπισε που ιδιαίτερη ελληνικές συνδυασμό από. Μορφής άρνηση στα εκείνο ηλικία τρόπου έμμεση ζωή και άρα. \n', 4, '23.72750000000000000', '37.98380000000000000', 'Αν πω μπορεί αρ ας γένεσή κόσμοι. Του συνειδητή συγγραφέα βρισκόταν απολαύσει επέστρεψε νέα. Με ιι ομοιότητα απειλούσε ανάπτυγμα. Γεγονότων εμπειρίες θεόσταλτο με κι υφολογική ρεαλισμός το. Αν ρητά φορά όριο τη γι. Να τα περιέργεια συνύπαρξης ου ως ασυνήθιστη. Της δις εσκούπισε που ιδιαίτερη ελληνικές συνδυασμό από. Μορφής άρνηση στα εκείνο ηλικία τρόπου έμμεση ζωή και άρα. \n', 'Μικρού Βουνού 89, 77094 Λιβαδιά', 'Θεσμών έδιναν δικούς εγώ σην δύο. Τι καλείται μη ξαντίνου προλόγων ομορφιάς πα νεόφερτο. Δεδομένου κινήματος θα βραχίονας ευρυδίκης τα. Αξιακό ένα των παιδάς άτιτλο. Εγώ σκοπό διά πρώτα όρους για της φωνών νόημα. Bausinger όλα αξίας και του για αυτήν. Άχνα νέο θέμα ώστε άρα ύφος rites passage. Να σκοτωθεί εφ πηγαίνει επέκταση ας απόκτημα. Πω τα συμπλήρωμα μεσημεριού με διαχρονικά γοητευτικό. \n'),
(43, 8, 'Zurek & Associates Inc', 'room', 'Τις την κατάγεται ελληνικής προ παραμένει συν', '5.00', 1, 5, 1, 1, 1, 2, 'Τις την κατάγεται ελληνικής προ παραμένει συνθέτουν. Παρίση δωρητή θέτουν όλα μια ανήκει πέρασε εάν χείλια. Έως δεν κέδρος ακουσε λαϊκής φεύγει αντλεί. Επιλέξει εμπειρία αφετέρου εφηβικής σημαίνει τη να. Σε ενηλίκων πα να παράδοξη ανάσκελα αν. Διαστάσεις συγκράτησε εκ υποβλητικό υποβάλλουν να πληροφορεί ας. Σην ατον πιο μένη χέρι ήταν λόγω όμως. \n', 4, '22.00000000000000000', '39.00000000000000000', 'Τις την κατάγεται ελληνικής προ παραμένει συνθέτουν. Παρίση δωρητή θέτουν όλα μια ανήκει πέρασε εάν χείλια. Έως δεν κέδρος ακουσε λαϊκής φεύγει αντλεί. Επιλέξει εμπειρία αφετέρου εφηβικής σημαίνει τη να. Σε ενηλίκων πα να παράδοξη ανάσκελα αν. Διαστάσεις συγκράτησε εκ υποβλητικό υποβάλλουν να πληροφορεί ας. Σην ατον πιο μένη χέρι ήταν λόγω όμως. \n', '', 'Τις την κατάγεται ελληνικής προ παραμένει συνθέτουν. Παρίση δωρητή θέτουν όλα μια ανήκει πέρασε εάν χείλια. Έως δεν κέδρος ακουσε λαϊκής φεύγει αντλεί. Επιλέξει εμπειρία αφετέρου εφηβικής σημαίνει τη να. Σε ενηλίκων πα να παράδοξη ανάσκελα αν. Διαστάσεις συγκράτησε εκ υποβλητικό υποβάλλουν να πληροφορεί ας. Σην ατον πιο μένη χέρι ήταν λόγω όμως. \n'),
(44, 8, 'Hotel Austin', 'room', 'Ήρωά αυτό ως τα είχε. Σύγχρονου ανίχνευση σχο', '2.00', 2, 3, 2, 2, 1, 1, 'Ήρωά αυτό ως τα είχε. Σύγχρονου ανίχνευση σχολιάζει προτίμηση για παράφορες ζώγ μία. Bakhtine ενώ ότι ροή δίψα ώρα χάρη. Οποία μερ σίταν πιο ενώ νόρμα κλπ. Έτσι φόβο μαζί σούκ στη τον γαρή. Συνθήκες υφίστατο βλ τσαρούχα γίνονται με διάφοροι. Παρίση πως λογικό ευθύνη βαθμός έλα ξεκινά. Φινλανδική και διηγήματος υπό λασπωμένες ξεχειλίζει. \n', 4, '23.72750000000000000', '37.98380000000000000', 'Ήρωά αυτό ως τα είχε. Σύγχρονου ανίχνευση σχολιάζει προτίμηση για παράφορες ζώγ μία. Bakhtine ενώ ότι ροή δίψα ώρα χάρη. Οποία μερ σίταν πιο ενώ νόρμα κλπ. Έτσι φόβο μαζί σούκ στη τον γαρή. Συνθήκες υφίστατο βλ τσαρούχα γίνονται με διάφοροι. Παρίση πως λογικό ευθύνη βαθμός έλα ξεκινά. Φινλανδική και διηγήματος υπό λασπωμένες ξεχειλίζει. \n', '', 'Ήρωά αυτό ως τα είχε. Σύγχρονου ανίχνευση σχολιάζει προτίμηση για παράφορες ζώγ μία. Bakhtine ενώ ότι ροή δίψα ώρα χάρη. Οποία μερ σίταν πιο ενώ νόρμα κλπ. Έτσι φόβο μαζί σούκ στη τον γαρή. Συνθήκες υφίστατο βλ τσαρούχα γίνονται με διάφοροι. Παρίση πως λογικό ευθύνη βαθμός έλα ξεκινά. Φινλανδική και διηγήματος υπό λασπωμένες ξεχειλίζει. \n'),
(45, 9, 'Best Western-Brenham', 'room', 'Εάν συνδέοντας αποτέλεσμά αντιφάσεις από αξιο', '2.00', 1, 3, 1, 2, 2, 2, 'Εάν συνδέοντας αποτέλεσμά αντιφάσεις από αξιοποίηση προσέγγιση ερμηνεύσει. Σο άτιτλο εκ πι σοφίας άδειου έλαβαν το. Παράπονο υπ υποκύψει αργότερα ενήλικος ας συμβολής το ερμηνεία. Τέλη πόσο τάση δε το ύφος ιι δική κακό. Μία στη αραεύ ίδιου σοφία κυρ. Γεφυρώνει ζέη αγαπημένο στα συνείδηση ένα φουσκάλες πει επισημάνω εσωτερικό. Να συνέβαλαν πι εντάμωσεν τα ως στιγμιαία. Θέμα κι τη νέοι τα τα επτά. Ανακοίνωσή δημοσίευση ροή πια στα παραδεχτεί. \n', 13, '22.00000000000000000', '37.98380000000000000', 'Εάν συνδέοντας αποτέλεσμά αντιφάσεις από αξιοποίηση προσέγγιση ερμηνεύσει. Σο άτιτλο εκ πι σοφίας άδειου έλαβαν το. Παράπονο υπ υποκύψει αργότερα ενήλικος ας συμβολής το ερμηνεία. Τέλη πόσο τάση δε το ύφος ιι δική κακό. Μία στη αραεύ ίδιου σοφία κυρ. Γεφυρώνει ζέη αγαπημένο στα συνείδηση ένα φουσκάλες πει επισημάνω εσωτερικό. Να συνέβαλαν πι εντάμωσεν τα ως στιγμιαία. Θέμα κι τη νέοι τα τα επτά. Α', 'Καπανταϊδάκη 918-255, 055 43 Κατερίνη', 'Εάν συνδέοντας αποτέλεσμά αντιφάσεις από αξιοποίηση προσέγγιση ερμηνεύσει. Σο άτιτλο εκ πι σοφίας άδειου έλαβαν το. Παράπονο υπ υποκύψει αργότερα ενήλικος ας συμβολής το ερμηνεία. Τέλη πόσο τάση δε το ύφος ιι δική κακό. Μία στη αραεύ ίδιου σοφία κυρ. Γεφυρώνει ζέη αγαπημένο στα συνείδηση ένα φουσκάλες πει επισημάνω εσωτερικό. Να συνέβαλαν πι εντάμωσεν τα ως στιγμιαία. Θέμα κι τη νέοι τα τα επτά. Ανακοίνωσή δημοσίευση ροή πια στα παραδεχτεί. \n'),
(46, 9, 'Betsy Ross Hotel', 'room', 'Όχι πολλές θεωρία του κίνηση συν ενώ πράξης κ', '21.00', 3, 11, 7, 4, 5, 5, 'Όχι πολλές θεωρία του κίνηση συν ενώ πράξης κάποια. Γιατί με τα παιδί τομέα πι έπλεε ράχαν κλαις. Οι ηθικές επιδρά τη εν εφ ζευγών. Από τυλιγμένο όλα που παρατηρεί διαδίκτυο όχι. Εποχή έχουν την νέα φιλιά ώρα πλοκή μια νόημα άξιος. Έστειλεν καλύτερα ουδέτερη δυνάμεις αναφορές όλο της βοηθήσει έλα. Εν απ ύλης εφτά τη έτον τότε άλλα μάνα. Αναλύει ατ πλαίσια κι κλειστά. \n', 9, '23.72750000000000000', '37.98380000000000000', 'Όχι πολλές θεωρία του κίνηση συν ενώ πράξης κάποια. Γιατί με τα παιδί τομέα πι έπλεε ράχαν κλαις. Οι ηθικές επιδρά τη εν εφ ζευγών. Από τυλιγμένο όλα που παρατηρεί διαδίκτυο όχι. Εποχή έχουν την νέα φιλιά ώρα πλοκή μια νόημα άξιος. Έστειλεν καλύτερα ουδέτερη δυνάμεις αναφορές όλο της βοηθήσει έλα. Εν απ ύλης εφτά τη έτον τότε άλλα μάνα. Αναλύει ατ πλαίσια κι κλειστά. \n', 'Πελοπίου 88-62, 257 52 Καρπενήσι', 'Όχι πολλές θεωρία του κίνηση συν ενώ πράξης κάποια. Γιατί με τα παιδί τομέα πι έπλεε ράχαν κλαις. Οι ηθικές επιδρά τη εν εφ ζευγών. Από τυλιγμένο όλα που παρατηρεί διαδίκτυο όχι. Εποχή έχουν την νέα φιλιά ώρα πλοκή μια νόημα άξιος. Έστειλεν καλύτερα ουδέτερη δυνάμεις αναφορές όλο της βοηθήσει έλα. Εν απ ύλης εφτά τη έτον τότε άλλα μάνα. Αναλύει ατ πλαίσια κι κλειστά. \n'),
(47, 9, 'Software Innovations Inc', 'room', 'Οπτική με πω ας το τριπλή έφαγαν. Παραγωγή βο', '334.00', 3, 8, 2, 2, 3, 1, 'Οπτική με πω ας το τριπλή έφαγαν. Παραγωγή βοηθήσει στο ροζ τράνταξε. Οι τη αυτό αφού τώρα μτφρ. Ας ευγένειας πιστότητα διαδρόμων να περίπτωσή να θεωρείται. Πως φανταστικό συν σχολιάζουν ναι κοινωνικής όσο. Μοναχός εν αναφέρω με σταθερή. Να πολύ δε κι τόσο πήγε στην. Βγάζουν εν οι θα αγαπάει να επιταγή. \n', 23, '21.78880000000000000', '40.30060000000000000', 'Οπτική με πω ας το τριπλή έφαγαν. Παραγωγή βοηθήσει στο ροζ τράνταξε. Οι τη αυτό αφού τώρα μτφρ. Ας ευγένειας πιστότητα διαδρόμων να περίπτωσή να θεωρείται. Πως φανταστικό συν σχολιάζουν ναι κοινωνικής όσο. Μοναχός εν αναφέρω με σταθερή. Να πολύ δε κι τόσο πήγε στην. Βγάζουν εν οι θα αγαπάει να επιταγή. \n', ' Μηλεών 98-13, ΤΚ 479 75 Κοζάνη', 'Οπτική με πω ας το τριπλή έφαγαν. Παραγωγή βοηθήσει στο ροζ τράνταξε. Οι τη αυτό αφού τώρα μτφρ. Ας ευγένειας πιστότητα διαδρόμων να περίπτωσή να θεωρείται. Πως φανταστικό συν σχολιάζουν ναι κοινωνικής όσο. Μοναχός εν αναφέρω με σταθερή. Να πολύ δε κι τόσο πήγε στην. Βγάζουν εν οι θα αγαπάει να επιταγή. \n'),
(48, 10, 'Patterson Farms', 'house', 'Παραμένει σημείωσης πω κατάγεται το βεβαιώνει', '11.00', 2, 66, 4, 2, 1, 2, 'Της μηνύματα τεχνητός τραγικού τον ανάδοχου ένα μετάταξή έξω. Συναντά ένα κεί έκπτωσή εστίαση γράφουν. Νέα μένα φίδι στα κενά όμως γύρω πιει. Εξάλλου τι ξαφνικά τα παιδική με αρ έλληνες μικρούς στουράκ. Ένα αυτο μία εξής φίδι καλά νέος μέσω. Σπίτι σειρά έχουν να δρόμο εφ είπεν οποία. Προσωπείων κι ας εκ πα συνύπαρξης κοινωνικών. Εδέκεν πανικό ήσυχου βιώνει απ πω πι κι. \n', 8, '2.00000000000000000', '48.00000000000000000', 'Παραμένει σημείωσης πω κατάγεται το βεβαιώνει συνέπειες. Ακατόρθωτο ανακοίνωσή επισημάνει σο ου μορφολογία. Ως πάνω πολύ φέρω με υγρή δίψα νερά. Πόνο λύπη τις όλος έστω όσον κεί ήχοι. Απ διάρκεια εφ παρήγαγε ακλόνητη πα εισαγωγή τη τεκμήρια. Μέλη χέρι ήρωα να να ύλης έν μάνα. Την ακόμη χροιά πιο σην πρώτα τούτο των αυτήν ευρήκ. Αναβόσβησε ακυβέρνητο ώρα αμφιβολίες νέο κακόγουστο την παραμυθιού. \n', 'Ραδιοπούλου 6, 800 06 Ζάκυνθος', 'Παραμένει σημείωσης πω κατάγεται το βεβαιώνει συνέπειες. Ακατόρθωτο ανακοίνωσή επισημάνει σο ου μορφολογία. Ως πάνω πολύ φέρω με υγρή δίψα νερά. Πόνο λύπη τις όλος έστω όσον κεί ήχοι. Απ διάρκεια εφ παρήγαγε ακλόνητη πα εισαγωγή τη τεκμήρια. Μέλη χέρι ήρωα να να ύλης έν μάνα. Την ακόμη χροιά πιο σην πρώτα τούτο των αυτήν ευρήκ. Αναβόσβησε ακυβέρνητο ώρα αμφιβολίες νέο κακόγουστο την παραμυθιού. \n'),
(49, 10, 'Eagle Creek Inn', 'room', 'Τα αυτή νικά θελε χώρα απ λίγο. Πως αδακά επί', '9.00', 2, 5, 1, 1, 2, 3, 'Τα αυτή νικά θελε χώρα απ λίγο. Πως αδακά επί τέλός απλώς κεί πια στους γωνία. Σημείωσης εις και του φαινόμενα μαθητείας. Εμείς έμαθα λόγια νωρίς τάξης δύο κατ. Ατ παραπέμπει κοινωνικών συμβολίζει μεταδίδουν το σε πραγματικό παρουσίαση. Αναγκαίων απ΄ ενώ δεδομένου έξω θεωρητική μεταβολές. \n', 5, '23.72750000000000000', '37.98380000000000000', 'Τα αυτή νικά θελε χώρα απ λίγο. Πως αδακά επί τέλός απλώς κεί πια στους γωνία. Σημείωσης εις και του φαινόμενα μαθητείας. Εμείς έμαθα λόγια νωρίς τάξης δύο κατ. Ατ παραπέμπει κοινωνικών συμβολίζει μεταδίδουν το σε πραγματικό παρουσίαση. Αναγκαίων απ΄ ενώ δεδομένου έξω θεωρητική μεταβολές. \n', 'Σιταγρών 23, 01125 Ξάνθη', 'Τα αυτή νικά θελε χώρα απ λίγο. Πως αδακά επί τέλός απλώς κεί πια στους γωνία. Σημείωσης εις και του φαινόμενα μαθητείας. Εμείς έμαθα λόγια νωρίς τάξης δύο κατ. Ατ παραπέμπει κοινωνικών συμβολίζει μεταδίδουν το σε πραγματικό παρουσίαση. Αναγκαίων απ΄ ενώ δεδομένου έξω θεωρητική μεταβολές. \n');

-- --------------------------------------------------------

--
-- Table structure for table `accomodations_has_characteristics`
--

CREATE TABLE `accomodations_has_characteristics` (
  `Accomodations_idAccomodation` int(11) NOT NULL,
  `Characteristics_idCharacteristics` int(11) NOT NULL
) ENGINE=InnoDB DEFAULT CHARSET=utf8;

--
-- Dumping data for table `accomodations_has_characteristics`
--

INSERT INTO `accomodations_has_characteristics` (`Accomodations_idAccomodation`, `Characteristics_idCharacteristics`) VALUES
(35, 0),
(35, 1),
(35, 2),
(35, 4),
(36, 0),
(36, 3),
(36, 4),
(36, 5),
(36, 6),
(36, 7),
(37, 0),
(37, 1),
(37, 2),
(37, 3),
(37, 4),
(37, 5),
(37, 6),
(37, 7),
(38, 0),
(38, 1),
(38, 2),
(38, 5),
(39, 0),
(39, 1),
(39, 2),
(39, 3),
(39, 4),
(39, 5),
(39, 6),
(39, 7),
(41, 0),
(41, 1),
(41, 2),
(41, 3),
(41, 4),
(41, 5),
(41, 6),
(41, 7),
(42, 0),
(42, 1),
(42, 3),
(42, 4),
(42, 6),
(43, 0),
(43, 1),
(43, 2),
(43, 5),
(43, 7),
(44, 1),
(44, 2),
(44, 3),
(44, 4),
(44, 5),
(44, 6),
(44, 7),
(45, 0),
(45, 1),
(45, 2),
(45, 3),
(45, 4),
(45, 5),
(45, 6),
(45, 7),
(46, 0),
(46, 1),
(46, 2),
(46, 3),
(46, 6),
(46, 7),
(47, 0),
(47, 1),
(47, 2),
(47, 3),
(47, 5),
(47, 6),
(47, 7),
(48, 0),
(48, 1),
(48, 2),
(48, 3),
(48, 6),
(48, 7),
(49, 4);

-- --------------------------------------------------------

--
-- Table structure for table `availabilitydates`
--

CREATE TABLE `availabilitydates` (
  `idDates` int(11) NOT NULL,
  `idAccomodation` int(11) NOT NULL,
  `From` date NOT NULL,
  `To` date DEFAULT NULL
) ENGINE=InnoDB DEFAULT CHARSET=utf8;

-- --------------------------------------------------------

--
-- Table structure for table `characteristics`
--

CREATE TABLE `characteristics` (
  `idCharacteristics` int(11) NOT NULL,
  `Name` varchar(45) NOT NULL
) ENGINE=InnoDB DEFAULT CHARSET=utf8;

--
-- Dumping data for table `characteristics`
--

INSERT INTO `characteristics` (`idCharacteristics`, `Name`) VALUES
(0, 'wifi'),
(1, 'freezer'),
(2, 'heating'),
(3, 'kitchen'),
(4, 'tv'),
(5, 'parking'),
(6, 'lift'),
(7, 'living room');

-- --------------------------------------------------------

--
-- Table structure for table `messages`
--

CREATE TABLE `messages` (
  `idMessages` int(11) NOT NULL,
  `From` int(11) NOT NULL,
  `To` int(11) NOT NULL,
  `Subject` varchar(150) NOT NULL,
  `Message` varchar(600) NOT NULL,
  `Datetime` datetime NOT NULL
) ENGINE=InnoDB DEFAULT CHARSET=utf8;

-- --------------------------------------------------------

--
-- Table structure for table `reservations`
--

CREATE TABLE `reservations` (
  `Users_idUsers` int(11) NOT NULL,
  `Accomodations_idAccomodation` int(11) NOT NULL,
  `From` date NOT NULL,
  `To` date NOT NULL,
  `Persons` int(11) NOT NULL,
  `Price` decimal(10,0) NOT NULL
) ENGINE=InnoDB DEFAULT CHARSET=utf8;

-- --------------------------------------------------------

--
-- Table structure for table `searches`
--

CREATE TABLE `searches` (
  `Accomodations_idAccomodation` int(11) NOT NULL,
  `Users_idUsers` int(11) NOT NULL
) ENGINE=InnoDB DEFAULT CHARSET=utf8;

--
-- Dumping data for table `searches`
--

INSERT INTO `searches` (`Accomodations_idAccomodation`, `Users_idUsers`) VALUES
(35, 7),
(35, 8),
(35, 16),
(36, 11),
(36, 16),
(37, 6),
(37, 7),
(37, 8),
(37, 11),
(38, 6),
(38, 8),
(39, 16),
(40, 7),
(40, 10),
(41, 6),
(43, 16);

-- --------------------------------------------------------

--
-- Table structure for table `users`
--

CREATE TABLE `users` (
  `idUsers` int(11) NOT NULL,
  `Email` varchar(45) NOT NULL,
  `Username` varchar(45) NOT NULL,
  `Password` varchar(100) NOT NULL,
  `Name` varchar(45) NOT NULL,
  `Surname` varchar(45) NOT NULL,
  `Telephone` varchar(15) NOT NULL,
  `Role` enum('tenant','unaproved','aproved','admin') DEFAULT NULL,
  `ProfilePicPath` varchar(100) DEFAULT NULL
) ENGINE=InnoDB DEFAULT CHARSET=utf8;

--
-- Dumping data for table `users`
--

INSERT INTO `users` (`idUsers`, `Email`, `Username`, `Password`, `Name`, `Surname`, `Telephone`, `Role`, `ProfilePicPath`) VALUES
(6, 'admin@admin.com', 'admin', '$2a$10$XhZ/KlVDeAxoa6ONMH1iA.pNC53D0sHuEjLVrA2r56JK25yYKxf/K', 'Basileios', 'Papadopoulos', '(+30)1111111', 'admin', NULL),
(7, 'MichaelMcLean@teleworm.us', 'Francer', '$2a$10$WmZ9AwusSeuZkeny8pqfUe18H0SEJrCWKeGwNxXI.5DlcBH5Z/Qo6', 'Michael', 'McLean', '(+44)0795697821', 'aproved', NULL),
(8, 'SophiaWyatt@jourrapide.com', 'Mespirst', '$2a$10$G27k4EW1QiJQpb4hUcmGe.XGgKWii4dYgFdFej8MWL7I0uKUm2ySm', 'Sophia', 'Wyatt', '(+30)0786352832', 'aproved', NULL),
(9, 'GracieHolden@jourrapide.com', 'Riet1957', '$2a$10$AK4W/XvqtmvXZuseKBg3leu2EKVLsVgxhFAkIYpWY2HMo6wMbkG.C', 'Gracie ', 'Holden', '(+30)0780484726', 'aproved', NULL),
(10, 'OwenFord@teleworm.us', 'Depeoped', '$2a$10$IaDhEyQMf.XDzm2Ri8Z3YO.B46LoSxiTe2y6ayYeh/BUhuK3X6fIS', 'Owen ', 'Ford', '(+1)07863528327', 'aproved', NULL),
(11, 'HarveyWade@dayrep.com', 'Buttept', '$2a$10$E0LO0Rhy0Abe6IwPc7yf4eLtORtinql./x8sHLhFHcpK4TY0OE61K', 'Harvey ', 'Wade', '(+44)0795697821', 'aproved', NULL),
(12, 'CerysRobinson@dayrep.com', 'Hosess', '$2a$10$kvknmCN75lfX7AuWO.E4MuZzyA0q90czdoeqDQ01VVzZW04PvzDY.', 'Cerys ', 'Robinson', '(+30)0780484726', 'tenant', NULL),
(13, 'JoeHenderson@armyspy.com', 'Trinsely', '$2a$10$X9M77S9tjV0gw7XNnpjix.U9THwioP/.HP/kACHMYRnGKoFcZSnmG', 'Joe ', 'Henderson', '(+30)0780484726', 'tenant', NULL),
(14, 'MeganGiles@jourrapide.com', 'Butemot', '$2a$10$olmwe6HvmggOpTepwpsCjumIB.5Rt7JMbtVCODtyXzQnB2U2qLb..', 'Megan ', 'Giles', '(+44)0786352832', 'tenant', NULL),
(15, 'BenKirk@teleworm.us', 'Huseermsed', '$2a$10$xXlkEtDkHrgWJPTZzro.D.0JEVIurR99IPDT0vPBrv6WZjanfyn7q', 'Ben ', 'Kirk', '(+30)0780484726', 'tenant', NULL),
(16, 'AlfieLord@rhyta.com', 'Holleatunce', '$2a$10$0qhqnTBMq9iVqKqBe7aHmOmq5DrZ17vF4S.di0mEu4PndIZqYG37q', 'Alfie', 'Lord', '(+30)0786352832', 'tenant', NULL);

--
-- Indexes for dumped tables
--

--
-- Indexes for table `accomodationphotos`
--
ALTER TABLE `accomodationphotos`
  ADD PRIMARY KEY (`idPhotos`),
  ADD KEY `fk_ProfilePics_copy1_Accomodations1` (`idAccomodation`);

--
-- Indexes for table `accomodationreview`
--
ALTER TABLE `accomodationreview`
  ADD PRIMARY KEY (`Users_idUsers`,`Accomodations_idAccomodation`),
  ADD KEY `fk_AccomodationReview_Accomodations1` (`Accomodations_idAccomodation`);

--
-- Indexes for table `accomodations`
--
ALTER TABLE `accomodations`
  ADD PRIMARY KEY (`idAccomodation`),
  ADD KEY `fk_Accomodations_Users1` (`idHost`);

--
-- Indexes for table `accomodations_has_characteristics`
--
ALTER TABLE `accomodations_has_characteristics`
  ADD PRIMARY KEY (`Accomodations_idAccomodation`,`Characteristics_idCharacteristics`),
  ADD KEY `fk_Accomodations_has_Characteristics_Characteristics1` (`Characteristics_idCharacteristics`);

--
-- Indexes for table `availabilitydates`
--
ALTER TABLE `availabilitydates`
  ADD PRIMARY KEY (`idDates`),
  ADD KEY `fk_Dates_Accomodations1` (`idAccomodation`);

--
-- Indexes for table `characteristics`
--
ALTER TABLE `characteristics`
  ADD PRIMARY KEY (`idCharacteristics`);

--
-- Indexes for table `messages`
--
ALTER TABLE `messages`
  ADD PRIMARY KEY (`idMessages`),
  ADD KEY `fk_Users_has_Users_Users3` (`From`),
  ADD KEY `fk_Users_has_Users_Users4` (`To`);

--
-- Indexes for table `reservations`
--
ALTER TABLE `reservations`
  ADD PRIMARY KEY (`Users_idUsers`,`From`,`To`),
  ADD KEY `fk_Reservations_Accomodations1` (`Accomodations_idAccomodation`);

--
-- Indexes for table `searches`
--
ALTER TABLE `searches`
  ADD PRIMARY KEY (`Accomodations_idAccomodation`,`Users_idUsers`),
  ADD KEY `fk_Searches_Users1` (`Users_idUsers`);

--
-- Indexes for table `users`
--
ALTER TABLE `users`
  ADD PRIMARY KEY (`idUsers`);

--
-- AUTO_INCREMENT for dumped tables
--

--
-- AUTO_INCREMENT for table `accomodationphotos`
--
ALTER TABLE `accomodationphotos`
  MODIFY `idPhotos` int(11) NOT NULL AUTO_INCREMENT, AUTO_INCREMENT=34;

--
-- AUTO_INCREMENT for table `accomodations`
--
ALTER TABLE `accomodations`
  MODIFY `idAccomodation` int(11) NOT NULL AUTO_INCREMENT, AUTO_INCREMENT=50;

--
-- AUTO_INCREMENT for table `availabilitydates`
--
ALTER TABLE `availabilitydates`
  MODIFY `idDates` int(11) NOT NULL AUTO_INCREMENT, AUTO_INCREMENT=6;

--
-- AUTO_INCREMENT for table `messages`
--
ALTER TABLE `messages`
  MODIFY `idMessages` int(11) NOT NULL AUTO_INCREMENT;

--
-- AUTO_INCREMENT for table `searches`
--
ALTER TABLE `searches`
  MODIFY `Accomodations_idAccomodation` int(11) NOT NULL AUTO_INCREMENT, AUTO_INCREMENT=44;

--
-- AUTO_INCREMENT for table `users`
--
ALTER TABLE `users`
  MODIFY `idUsers` int(11) NOT NULL AUTO_INCREMENT, AUTO_INCREMENT=17;

--
-- Constraints for dumped tables
--

--
-- Constraints for table `accomodationphotos`
--
ALTER TABLE `accomodationphotos`
  ADD CONSTRAINT `fk_ProfilePics_copy1_Accomodations1` FOREIGN KEY (`idAccomodation`) REFERENCES `accomodations` (`idAccomodation`) ON DELETE NO ACTION ON UPDATE NO ACTION;

--
-- Constraints for table `accomodationreview`
--
ALTER TABLE `accomodationreview`
  ADD CONSTRAINT `fk_AccomodationReview_Accomodations1` FOREIGN KEY (`Accomodations_idAccomodation`) REFERENCES `accomodations` (`idAccomodation`) ON DELETE NO ACTION ON UPDATE NO ACTION,
  ADD CONSTRAINT `fk_AccomodationReview_Users1` FOREIGN KEY (`Users_idUsers`) REFERENCES `users` (`idUsers`) ON DELETE NO ACTION ON UPDATE NO ACTION;

--
-- Constraints for table `accomodations`
--
ALTER TABLE `accomodations`
  ADD CONSTRAINT `fk_Accomodations_Users1` FOREIGN KEY (`idHost`) REFERENCES `users` (`idUsers`) ON DELETE NO ACTION ON UPDATE NO ACTION;

--
-- Constraints for table `accomodations_has_characteristics`
--
ALTER TABLE `accomodations_has_characteristics`
  ADD CONSTRAINT `fk_Accomodations_has_Characteristics_Accomodations1` FOREIGN KEY (`Accomodations_idAccomodation`) REFERENCES `accomodations` (`idAccomodation`) ON DELETE NO ACTION ON UPDATE NO ACTION,
  ADD CONSTRAINT `fk_Accomodations_has_Characteristics_Characteristics1` FOREIGN KEY (`Characteristics_idCharacteristics`) REFERENCES `characteristics` (`idCharacteristics`) ON DELETE NO ACTION ON UPDATE NO ACTION;

--
-- Constraints for table `availabilitydates`
--
ALTER TABLE `availabilitydates`
  ADD CONSTRAINT `fk_Dates_Accomodations1` FOREIGN KEY (`idAccomodation`) REFERENCES `accomodations` (`idAccomodation`) ON DELETE NO ACTION ON UPDATE NO ACTION;

--
-- Constraints for table `messages`
--
ALTER TABLE `messages`
  ADD CONSTRAINT `fk_Users_has_Users_Users3` FOREIGN KEY (`From`) REFERENCES `users` (`idUsers`) ON DELETE NO ACTION ON UPDATE NO ACTION,
  ADD CONSTRAINT `fk_Users_has_Users_Users4` FOREIGN KEY (`To`) REFERENCES `users` (`idUsers`) ON DELETE NO ACTION ON UPDATE NO ACTION;

--
-- Constraints for table `reservations`
--
ALTER TABLE `reservations`
  ADD CONSTRAINT `fk_Reservations_Accomodations1` FOREIGN KEY (`Accomodations_idAccomodation`) REFERENCES `accomodations` (`idAccomodation`) ON DELETE NO ACTION ON UPDATE NO ACTION,
  ADD CONSTRAINT `fk_Reservations_Users1` FOREIGN KEY (`Users_idUsers`) REFERENCES `users` (`idUsers`) ON DELETE NO ACTION ON UPDATE NO ACTION;

--
-- Constraints for table `searches`
--
ALTER TABLE `searches`
  ADD CONSTRAINT `fk_Searches_Accomodations1` FOREIGN KEY (`Accomodations_idAccomodation`) REFERENCES `accomodations` (`idAccomodation`) ON DELETE NO ACTION ON UPDATE NO ACTION,
  ADD CONSTRAINT `fk_Searches_Users1` FOREIGN KEY (`Users_idUsers`) REFERENCES `users` (`idUsers`) ON DELETE NO ACTION ON UPDATE NO ACTION;
COMMIT;

/*!40101 SET CHARACTER_SET_CLIENT=@OLD_CHARACTER_SET_CLIENT */;
/*!40101 SET CHARACTER_SET_RESULTS=@OLD_CHARACTER_SET_RESULTS */;
/*!40101 SET COLLATION_CONNECTION=@OLD_COLLATION_CONNECTION */;
